Time,Attack_Type,Source_Longitude,Source_Latitude,Destination_Longitude,Destination_Latitiude
2023-12-06 19:26:25,exploit,-93.7291,38.7669,-93.7291,38.7669
2023-12-06 19:26:25,malware,113.722,34.7732,34.9821,32.816
2023-12-06 19:26:25,malware,17.9651,59.3565,114.1698,22.3361
2023-12-06 19:26:25,malware,-97.822,37.751,114.1698,22.3361
2023-12-06 19:26:25,exploit,151.2006,-33.8715,174.8776,-41.1181
2023-12-06 19:26:25,exploit,151.2006,-33.8715,174.8776,-41.1181
2023-12-06 19:26:25,exploit,151.2006,-33.8715,174.8776,-41.1181
2023-12-06 19:26:25,exploit,151.2006,-33.8715,174.8776,-41.1181
2023-12-06 19:26:25,exploit,151.2006,-33.8715,174.8776,-41.1181
2023-12-06 19:26:25,exploit,151.2006,-33.8715,174.8776,-41.1181
2023-12-06 19:26:25,exploit,151.2006,-33.8715,174.8776,-41.1181
2023-12-06 19:26:25,exploit,151.2006,-33.8715,174.8776,-41.1181
2023-12-06 19:26:25,exploit,151.2006,-33.8715,174.8776,-41.1181
2023-12-06 19:26:25,exploit,151.2006,-33.8715,174.8776,-41.1181
2023-12-06 19:26:25,exploit,151.2006,-33.8715,174.8776,-41.1181
2023-12-06 19:26:25,exploit,151.2006,-33.8715,174.8776,-41.1181
2023-12-06 19:26:25,exploit,-84.6565,42.5166,-83.7268,42.2709
2023-12-06 19:26:25,exploit,-83.7268,42.2709,-83.7268,42.2709
2023-12-06 19:26:25,malware,143.2104,-33.494,34.7876,31.9642
2023-12-06 19:26:25,malware,139.6805,35.6837,135.1816,34.6922
2023-12-06 19:26:25,malware,135.5021,34.6946,135.1816,34.6922
2023-12-06 19:26:25,malware,4.9392,52.352,34.8879,32.1033
2023-12-06 19:26:25,exploit,-93.4195,45.2815,8.6843,50.1188
2023-12-06 19:26:25,exploit,-93.4195,45.2815,8.6843,50.1188
2023-12-06 19:26:25,exploit,-93.4195,45.2815,8.6843,50.1188
2023-12-06 19:26:25,exploit,-93.4195,45.2815,8.6843,50.1188
2023-12-06 19:26:25,exploit,-93.4195,45.2815,8.6843,50.1188
2023-12-06 19:26:25,exploit,-93.4195,45.2815,8.6843,50.1188
2023-12-06 19:26:25,exploit,-97.822,37.751,-122.143,37.4651
2023-12-06 19:26:25,exploit,-97.822,37.751,-122.143,37.4651
2023-12-06 19:26:25,exploit,-78.375,36.6534,-122.143,37.4651
2023-12-06 19:26:25,exploit,-78.375,36.6534,-122.143,37.4651
2023-12-06 19:26:25,exploit,-77.4903,39.0469,-122.143,37.4651
2023-12-06 19:26:25,exploit,-97.822,37.751,-122.143,37.4651
2023-12-06 19:26:25,exploit,-97.822,37.751,-122.143,37.4651
2023-12-06 19:26:25,exploit,-97.822,37.751,-122.143,37.4651
2023-12-06 19:26:26,exploit,-97.822,37.751,-122.143,37.4651
2023-12-06 19:26:26,exploit,-77.4903,39.0469,-122.143,37.4651
2023-12-06 19:26:26,exploit,-97.822,37.751,-122.143,37.4651
2023-12-06 19:26:26,exploit,-121.7714,37.1835,-122.143,37.4651
2023-12-06 19:26:26,exploit,-77.4903,39.0469,-122.143,37.4651
2023-12-06 19:26:26,exploit,-77.1674,39.0828,-122.143,37.4651
2023-12-06 19:26:26,exploit,-97.822,37.751,-122.143,37.4651
2023-12-06 19:26:26,exploit,-97.822,37.751,-122.143,37.4651
2023-12-06 19:26:26,exploit,-111.8454,33.4342,-122.143,37.4651
2023-12-06 19:26:26,exploit,-95.8517,41.2591,-122.143,37.4651
2023-12-06 19:26:26,exploit,-94.5778,39.1027,-122.143,37.4651
2023-12-06 19:26:26,exploit,-97.822,37.751,-122.143,37.4651
2023-12-06 19:26:26,exploit,-97.822,37.751,-122.143,37.4651
2023-12-06 19:26:26,exploit,-122.3414,47.6034,-122.143,37.4651
2023-12-06 19:26:26,exploit,-97.822,37.751,-122.143,37.4651
2023-12-06 19:26:26,exploit,-94.5778,39.1027,-122.143,37.4651
2023-12-06 19:26:26,exploit,-97.822,37.751,-122.143,37.4651
2023-12-06 19:26:26,exploit,-119.7257,45.8234,-122.143,37.4651
2023-12-06 19:26:26,exploit,-121.7714,37.1835,-122.143,37.4651
2023-12-06 19:26:26,exploit,-97.822,37.751,-122.143,37.4651
2023-12-06 19:26:26,exploit,-97.822,37.751,-122.143,37.4651
2023-12-06 19:26:26,exploit,-77.4903,39.0469,-122.143,37.4651
2023-12-06 19:26:26,exploit,-94.5778,39.1027,-122.143,37.4651
2023-12-06 19:26:26,exploit,-121.7714,37.1835,-122.143,37.4651
2023-12-06 19:26:26,exploit,-95.8517,41.2591,-122.143,37.4651
2023-12-06 19:26:26,exploit,-95.8517,41.2591,-122.143,37.4651
2023-12-06 19:26:26,exploit,-97.822,37.751,-122.143,37.4651
2023-12-06 19:26:26,exploit,-121.7714,37.1835,-122.143,37.4651
2023-12-06 19:26:26,exploit,-95.915,45.5957,-94.164,44.7779
2023-12-06 19:26:26,exploit,-95.915,45.5957,-94.164,44.7779
2023-12-06 19:26:26,exploit,-95.0525,45.1386,-94.164,44.7779
2023-12-06 19:26:26,exploit,-95.915,45.5957,-94.164,44.7779
2023-12-06 19:26:26,exploit,-95.915,45.5957,-94.164,44.7779
2023-12-06 19:26:26,exploit,-95.915,45.5957,-94.164,44.7779
2023-12-06 19:26:26,exploit,-95.915,45.5957,-94.164,44.7779
2023-12-06 19:26:26,exploit,-95.915,45.5957,-94.164,44.7779
2023-12-06 19:26:26,exploit,-95.0525,45.1386,-94.164,44.7779
2023-12-06 19:26:26,exploit,-95.0525,45.1386,-94.164,44.7779
2023-12-06 19:26:26,exploit,-95.0525,45.1386,-94.164,44.7779
2023-12-06 19:26:26,exploit,-95.915,45.5957,-94.164,44.7779
2023-12-06 19:26:27,exploit,-95.0525,45.1386,-94.164,44.7779
2023-12-06 19:26:27,exploit,-95.0525,45.1386,-94.164,44.7779
2023-12-06 19:26:27,exploit,-95.0525,45.1386,-94.164,44.7779
2023-12-06 19:26:27,exploit,-95.0525,45.1386,-94.164,44.7779
2023-12-06 19:26:27,exploit,-95.0525,45.1386,-94.164,44.7779
2023-12-06 19:26:27,exploit,-95.0525,45.1386,-94.164,44.7779
2023-12-06 19:26:27,exploit,-95.0525,45.1386,-94.164,44.7779
2023-12-06 19:26:27,exploit,-95.915,45.5957,-94.164,44.7779
2023-12-06 19:26:27,exploit,-95.915,45.5957,-94.164,44.7779
2023-12-06 19:26:27,exploit,-95.0525,45.1386,-94.164,44.7779
2023-12-06 19:26:27,exploit,-95.0525,45.1386,-94.164,44.7779
2023-12-06 19:26:27,exploit,-95.6059,43.629,-94.164,44.7779
2023-12-06 19:26:27,exploit,-95.915,45.5957,-94.164,44.7779
2023-12-06 19:26:27,exploit,-95.915,45.5957,-94.164,44.7779
2023-12-06 19:26:27,exploit,-95.915,45.5957,-94.164,44.7779
2023-12-06 19:26:27,exploit,-95.915,45.5957,-94.164,44.7779
2023-12-06 19:26:27,exploit,-95.6059,43.629,-94.164,44.7779
2023-12-06 19:26:27,exploit,-95.6059,43.629,-94.164,44.7779
2023-12-06 19:26:27,exploit,-95.0525,45.1386,-94.164,44.7779
2023-12-06 19:26:27,exploit,-95.0525,45.1386,-94.164,44.7779
2023-12-06 19:26:27,exploit,-95.6059,43.629,-94.164,44.7779
2023-12-06 19:26:27,exploit,-95.6059,43.629,-94.164,44.7779
2023-12-06 19:26:27,exploit,-95.915,45.5957,-94.164,44.7779
2023-12-06 19:26:27,exploit,-95.0525,45.1386,-94.164,44.7779
2023-12-06 19:26:27,exploit,-95.6059,43.629,-94.164,44.7779
2023-12-06 19:26:27,exploit,-95.915,45.5957,-94.164,44.7779
2023-12-06 19:26:27,exploit,-95.6059,43.629,-94.164,44.7779
2023-12-06 19:26:27,exploit,-95.6059,43.629,-94.164,44.7779
2023-12-06 19:26:27,exploit,-95.6059,43.629,-94.164,44.7779
2023-12-06 19:26:27,exploit,-95.6059,43.629,-94.164,44.7779
2023-12-06 19:26:27,exploit,-95.6059,43.629,-94.164,44.7779
2023-12-06 19:26:27,exploit,-95.6059,43.629,-94.164,44.7779
2023-12-06 19:26:27,exploit,-95.6059,43.629,-94.164,44.7779
2023-12-06 19:26:27,exploit,-95.6059,43.629,-94.164,44.7779
2023-12-06 19:26:27,exploit,4.835,52.3766,5.5674,51.6265
2023-12-06 19:26:27,exploit,-95.6059,43.629,-94.164,44.7779
2023-12-06 19:26:27,exploit,-95.6059,43.629,-94.164,44.7779
2023-12-06 19:26:27,exploit,-95.6059,43.629,-94.164,44.7779
2023-12-06 19:26:27,exploit,-95.6059,43.629,-94.164,44.7779
2023-12-06 19:26:28,exploit,-95.6059,43.629,-94.164,44.7779
2023-12-06 19:26:28,exploit,-121.7714,37.1835,-122.143,37.4651
2023-12-06 19:26:28,exploit,-96.6319,32.8179,-122.143,37.4651
2023-12-06 19:26:28,exploit,-94.5778,39.1027,-122.143,37.4651
2023-12-06 19:26:28,exploit,-94.5778,39.1027,-122.143,37.4651
2023-12-06 19:26:28,exploit,-97.822,37.751,-122.143,37.4651
2023-12-06 19:26:28,exploit,-121.9543,37.353,-122.143,37.4651
2023-12-06 19:26:28,exploit,-77.4903,39.0469,-122.143,37.4651
2023-12-06 19:26:28,exploit,-77.4903,39.0469,-122.143,37.4651
2023-12-06 19:26:28,exploit,-77.4903,39.0469,-122.143,37.4651
2023-12-06 19:26:28,exploit,-94.5778,39.1027,-122.143,37.4651
2023-12-06 19:26:28,exploit,-77.4903,39.0469,-122.143,37.4651
2023-12-06 19:26:28,exploit,-77.4903,39.0469,-122.143,37.4651
2023-12-06 19:26:28,exploit,-121.7714,37.1835,-122.143,37.4651
2023-12-06 19:26:28,exploit,-97.822,37.751,-122.143,37.4651
2023-12-06 19:26:28,exploit,-96.6319,32.8179,-122.143,37.4651
2023-12-06 19:26:28,exploit,-97.822,37.751,-122.143,37.4651
2023-12-06 19:26:28,exploit,-97.822,37.751,-122.143,37.4651
2023-12-06 19:26:28,exploit,34.8153,32.0717,34.8153,32.0717
2023-12-06 19:26:28,exploit,34.7805,32.0803,34.8153,32.0717
2023-12-06 19:26:28,exploit,-97.822,37.751,34.8153,32.0717
2023-12-06 19:26:28,exploit,-97.822,37.751,34.8153,32.0717
2023-12-06 19:26:28,exploit,-95.915,45.5957,-94.164,44.7779
2023-12-06 19:26:28,exploit,-95.915,45.5957,-94.164,44.7779
2023-12-06 19:26:28,exploit,-95.0525,45.1386,-94.164,44.7779
2023-12-06 19:26:28,exploit,-95.0525,45.1386,-94.164,44.7779
2023-12-06 19:26:28,exploit,-95.0525,45.1386,-94.164,44.7779
2023-12-06 19:26:28,exploit,-95.0525,45.1386,-94.164,44.7779
2023-12-06 19:26:28,exploit,-95.0525,45.1386,-94.164,44.7779
2023-12-06 19:26:28,exploit,-95.0525,45.1386,-94.164,44.7779
2023-12-06 19:26:28,exploit,-95.0525,45.1386,-94.164,44.7779
2023-12-06 19:26:28,exploit,-95.0525,45.1386,-94.164,44.7779
2023-12-06 19:26:28,exploit,-95.0525,45.1386,-94.164,44.7779
2023-12-06 19:26:28,exploit,-95.0525,45.1386,-94.164,44.7779
2023-12-06 19:26:28,exploit,-121.7714,37.1835,-122.143,37.4651
2023-12-06 19:26:28,exploit,-95.0525,45.1386,-94.164,44.7779
2023-12-06 19:26:28,exploit,-87.9435,41.8957,-122.143,37.4651
2023-12-06 19:26:28,exploit,-95.0525,45.1386,-94.164,44.7779
2023-12-06 19:26:28,exploit,-95.0525,45.1386,-94.164,44.7779
2023-12-06 19:26:28,exploit,-121.7714,37.1835,-122.143,37.4651
2023-12-06 19:26:29,exploit,-121.7714,37.1835,-122.143,37.4651
2023-12-06 19:26:29,exploit,-95.0525,45.1386,-94.164,44.7779
2023-12-06 19:26:29,exploit,-95.0525,45.1386,-94.164,44.7779
2023-12-06 19:26:29,exploit,-77.4903,39.0469,-122.143,37.4651
2023-12-06 19:26:29,exploit,-77.4903,39.0469,-122.143,37.4651
2023-12-06 19:26:29,exploit,-97.822,37.751,-122.143,37.4651
2023-12-06 19:26:29,exploit,-121.7714,37.1835,-122.143,37.4651
2023-12-06 19:26:29,exploit,-97.822,37.751,-122.143,37.4651
2023-12-06 19:26:29,exploit,-95.0525,45.1386,-94.164,44.7779
2023-12-06 19:26:29,exploit,-95.0525,45.1386,-94.164,44.7779
2023-12-06 19:26:29,exploit,-121.7714,37.1835,-122.143,37.4651
2023-12-06 19:26:29,exploit,-95.0525,45.1386,-94.164,44.7779
2023-12-06 19:26:29,exploit,-121.7714,37.1835,-122.143,37.4651
2023-12-06 19:26:29,exploit,-97.822,37.751,-122.143,37.4651
2023-12-06 19:26:29,exploit,-95.0525,45.1386,-94.164,44.7779
2023-12-06 19:26:29,exploit,-95.0525,45.1386,-94.164,44.7779
2023-12-06 19:26:29,exploit,-118.244,34.0544,-122.143,37.4651
2023-12-06 19:26:29,exploit,-97.822,37.751,-122.143,37.4651
2023-12-06 19:26:29,exploit,-121.7714,37.1835,-122.143,37.4651
2023-12-06 19:26:29,exploit,-95.0525,45.1386,-94.164,44.7779
2023-12-06 19:26:29,exploit,-95.0525,45.1386,-94.164,44.7779
2023-12-06 19:26:29,exploit,-95.0525,45.1386,-94.164,44.7779
2023-12-06 19:26:29,exploit,-95.0525,45.1386,-94.164,44.7779
2023-12-06 19:26:29,exploit,-95.0525,45.1386,-94.164,44.7779
2023-12-06 19:26:29,exploit,-95.0525,45.1386,-94.164,44.7779
2023-12-06 19:26:29,exploit,-95.0525,45.1386,-94.164,44.7779
2023-12-06 19:26:29,exploit,-95.915,45.5957,-94.164,44.7779
2023-12-06 19:26:29,exploit,-95.0525,45.1386,-94.164,44.7779
2023-12-06 19:26:29,exploit,-95.0525,45.1386,-94.164,44.7779
2023-12-06 19:26:29,exploit,-95.0525,45.1386,-94.164,44.7779
2023-12-06 19:26:29,exploit,-95.0525,45.1386,-94.164,44.7779
2023-12-06 19:26:29,exploit,-95.0525,45.1386,-94.164,44.7779
2023-12-06 19:26:29,exploit,-95.0525,45.1386,-94.164,44.7779
2023-12-06 19:26:29,exploit,-95.0525,45.1386,-94.164,44.7779
2023-12-06 19:26:29,exploit,-95.0525,45.1386,-94.164,44.7779
2023-12-06 19:26:29,exploit,-95.0525,45.1386,-94.164,44.7779
2023-12-06 19:26:29,exploit,-95.0525,45.1386,-94.164,44.7779
2023-12-06 19:26:29,exploit,-95.0525,45.1386,-94.164,44.7779
2023-12-06 19:26:29,exploit,-95.0525,45.1386,-94.164,44.7779
2023-12-06 19:26:29,exploit,-95.0525,45.1386,-94.164,44.7779
2023-12-06 19:26:30,exploit,-95.0525,45.1386,-94.164,44.7779
2023-12-06 19:26:30,exploit,-95.0525,45.1386,-94.164,44.7779
2023-12-06 19:26:30,exploit,-95.0525,45.1386,-94.164,44.7779
2023-12-06 19:26:30,exploit,-95.0525,45.1386,-94.164,44.7779
2023-12-06 19:26:30,exploit,-95.0525,45.1386,-94.164,44.7779
2023-12-06 19:26:30,exploit,-95.0525,45.1386,-94.164,44.7779
2023-12-06 19:26:30,exploit,-95.0525,45.1386,-94.164,44.7779
2023-12-06 19:26:30,exploit,-95.0525,45.1386,-94.164,44.7779
2023-12-06 19:26:30,malware,-78.8231,42.8619,-49.0164,-16.2886
2023-12-06 19:26:30,malware,-97.822,37.751,34.7846,31.8147
2023-12-06 19:26:30,malware,-97.822,37.751,34.7846,31.8147
2023-12-06 19:26:30,malware,-97.822,37.751,-78.5211,-0.2309
2023-12-06 19:26:30,malware,-97.822,37.751,-78.5211,-0.2309
2023-12-06 19:26:30,malware,113.722,34.7732,-78.5211,-0.2309
2023-12-06 19:26:30,malware,-97.822,37.751,-78.5211,-0.2309
2023-12-06 19:26:30,malware,-97.822,37.751,-78.5211,-0.2309
2023-12-06 19:26:30,malware,4.8844,52.3882,-78.5211,-0.2309
2023-12-06 19:26:30,malware,-97.822,37.751,-78.5211,-0.2309
2023-12-06 19:26:30,malware,-97.822,37.751,-78.5211,-0.2309
2023-12-06 19:26:30,malware,-97.822,37.751,-78.5211,-0.2309
2023-12-06 19:26:30,malware,-97.822,37.751,-78.5211,-0.2309
2023-12-06 19:26:30,malware,-97.822,37.751,-78.5211,-0.2309
2023-12-06 19:26:30,malware,-97.822,37.751,-78.5211,-0.2309
2023-12-06 19:26:30,malware,113.722,34.7732,-78.5211,-0.2309
2023-12-06 19:26:30,malware,-97.822,37.751,-78.5211,-0.2309
2023-12-06 19:26:30,malware,-97.822,37.751,-78.5211,-0.2309
2023-12-06 19:26:30,malware,-97.822,37.751,-78.5211,-0.2309
2023-12-06 19:26:30,malware,-97.822,37.751,-78.5211,-0.2309
2023-12-06 19:26:30,malware,-97.822,37.751,-78.5211,-0.2309
2023-12-06 19:26:30,malware,-97.822,37.751,-78.5211,-0.2309
2023-12-06 19:26:30,malware,-97.822,37.751,-78.5211,-0.2309
2023-12-06 19:26:30,malware,-97.822,37.751,-78.5211,-0.2309
2023-12-06 19:26:30,exploit,-100.3879,20.5879,-99.2037,19.4195
2023-12-06 19:26:30,exploit,-96.8022,32.7797,-95.4256,29.8203
2023-12-06 19:26:30,exploit,-76.8545,37.9273,-95.4256,29.8203
2023-12-06 19:26:30,exploit,-77.4903,39.0469,-95.4256,29.8203
2023-12-06 19:26:30,exploit,-97.822,37.751,-95.4256,29.8203
2023-12-06 19:26:30,exploit,-77.4903,39.0469,-95.4256,29.8203
2023-12-06 19:26:30,exploit,-79.9746,32.8608,-95.4256,29.8203
2023-12-06 19:26:30,exploit,-119.7257,45.8234,-95.4256,29.8203
2023-12-06 19:26:30,exploit,-97.822,37.751,-95.4256,29.8203
2023-12-06 19:26:31,exploit,-97.822,37.751,-95.4256,29.8203
2023-12-06 19:26:31,exploit,-77.4903,39.0469,-95.4256,29.8203
2023-12-06 19:26:31,exploit,-77.4903,39.0469,-95.4256,29.8203
2023-12-06 19:26:31,malware,-97.822,37.751,-57.6511,-25.2869
2023-12-06 19:26:31,malware,-97.822,37.751,-57.6511,-25.2869
2023-12-06 19:26:31,malware,113.3646,22.5326,35.011,32.3357
2023-12-06 19:26:31,exploit,-79.3716,43.6319,-75.7107,45.4423
2023-12-06 19:26:31,exploit,3.9524,50.458,20.5529,52.0029
2023-12-06 19:26:31,phishing,-97.822,37.751,34.8205,32.1678
2023-12-06 19:26:31,malware,4.6563,52.3891,34.8205,32.1678
2023-12-06 19:26:31,phishing,3.3903,6.4474,3.3903,6.4474
2023-12-06 19:26:31,malware,35.4802,32.486,34.7805,32.0803
2023-12-06 19:26:31,exploit,2.3387,48.8582,-0.1224,51.4964
2023-12-06 19:26:31,exploit,14.4187,46.2491,14.5046,46.0503
2023-12-06 19:26:31,phishing,139.6899,35.6893,-0.02,51.5064
2023-12-06 19:26:31,exploit,-77.5181,43.0747,-0.02,51.5064
2023-12-06 19:26:31,exploit,-77.4903,39.0469,78.4378,17.3724
2023-12-06 19:26:31,malware,14.4998,50.0844,16.6656,49.1457
2023-12-06 19:26:31,exploit,8.6843,50.1188,9.7558,47.4658
2023-12-06 19:26:31,exploit,8.6843,50.1188,9.7558,47.4658
2023-12-06 19:26:31,exploit,8.6843,50.1188,9.7558,47.4658
2023-12-06 19:26:31,exploit,8.6843,50.1188,9.7558,47.4658
2023-12-06 19:26:31,exploit,-95.7431,39.0176,-94.4983,38.9321
2023-12-06 19:26:31,exploit,-95.7431,39.0176,-94.4983,38.9321
2023-12-06 19:26:31,exploit,-94.4983,38.9321,-94.4983,38.9321
2023-12-06 19:26:31,exploit,-79.4057,43.709,-79.4057,43.709
2023-12-06 19:26:31,exploit,-79.4057,43.709,-79.4057,43.709
2023-12-06 19:26:31,exploit,-79.4057,43.709,-79.4057,43.709
2023-12-06 19:26:31,exploit,-79.4057,43.709,-79.4057,43.709
2023-12-06 19:26:31,exploit,-79.4057,43.709,-79.4057,43.709
2023-12-06 19:26:31,exploit,-79.4057,43.709,-79.4057,43.709
2023-12-06 19:26:31,exploit,-79.4057,43.709,-79.4057,43.709
2023-12-06 19:26:31,exploit,-79.4057,43.709,-79.4057,43.709
2023-12-06 19:26:31,exploit,-75.3654,39.8858,-79.4057,43.709
2023-12-06 19:26:31,exploit,-79.4057,43.709,-79.4057,43.709
2023-12-06 19:26:31,exploit,-79.4057,43.709,-79.4057,43.709
2023-12-06 19:26:31,exploit,-79.4057,43.709,-79.4057,43.709
2023-12-06 19:26:31,exploit,-79.4057,43.709,-79.4057,43.709
2023-12-06 19:26:31,exploit,-79.4057,43.709,-79.4057,43.709
2023-12-06 19:26:31,exploit,6.7734,51.2184,7.1397,50.6966
2023-12-06 19:26:32,exploit,-6.2591,53.3379,7.1397,50.6966
2023-12-06 19:26:32,exploit,-0.093,51.5088,7.1397,50.6966
2023-12-06 19:26:32,exploit,4.8975,52.3759,7.1397,50.6966
2023-12-06 19:26:32,exploit,-6.2591,53.3379,7.1397,50.6966
2023-12-06 19:26:32,exploit,-79.4057,43.709,-79.4057,43.709
2023-12-06 19:26:32,exploit,-79.4057,43.709,-79.4057,43.709
2023-12-06 19:26:32,exploit,-79.4057,43.709,-79.4057,43.709
2023-12-06 19:26:32,exploit,-79.4057,43.709,-79.4057,43.709
2023-12-06 19:26:32,exploit,-79.4057,43.709,-79.4057,43.709
2023-12-06 19:26:32,exploit,-79.4057,43.709,-79.4057,43.709
2023-12-06 19:26:32,exploit,-79.4057,43.709,-79.4057,43.709
2023-12-06 19:26:32,exploit,-79.4057,43.709,-79.4057,43.709
2023-12-06 19:26:32,exploit,-79.4057,43.709,-79.4057,43.709
2023-12-06 19:26:32,exploit,-79.4057,43.709,-79.4057,43.709
2023-12-06 19:26:32,exploit,-96.7283,32.9103,-96.2715,30.5478
2023-12-06 19:26:32,exploit,-97.822,37.751,-96.2715,30.5478
2023-12-06 19:26:32,exploit,-118.2441,34.0544,-96.2715,30.5478
2023-12-06 19:26:32,exploit,-79.4057,43.709,-79.4057,43.709
2023-12-06 19:26:32,exploit,-79.4057,43.709,-79.4057,43.709
2023-12-06 19:26:32,exploit,-79.4057,43.709,-79.4057,43.709
2023-12-06 19:26:32,exploit,-79.4057,43.709,-79.4057,43.709
2023-12-06 19:26:32,exploit,-79.4057,43.709,-79.4057,43.709
2023-12-06 19:26:32,exploit,-79.4057,43.709,-79.4057,43.709
2023-12-06 19:26:32,exploit,-79.4057,43.709,-79.4057,43.709
2023-12-06 19:26:32,exploit,-79.4057,43.709,-79.4057,43.709
2023-12-06 19:26:32,exploit,-79.4057,43.709,-79.4057,43.709
2023-12-06 19:26:32,exploit,-79.4057,43.709,-79.4057,43.709
2023-12-06 19:26:32,exploit,-79.4057,43.709,-79.4057,43.709
2023-12-06 19:26:32,exploit,-79.4057,43.709,-79.4057,43.709
2023-12-06 19:26:32,exploit,-79.4057,43.709,-79.4057,43.709
2023-12-06 19:26:32,exploit,-79.4057,43.709,-79.4057,43.709
2023-12-06 19:26:32,exploit,-79.4057,43.709,-79.4057,43.709
2023-12-06 19:26:32,exploit,-79.4057,43.709,-79.4057,43.709
2023-12-06 19:26:32,malware,-97.822,37.751,18.4968,-12.4992
2023-12-06 19:26:32,exploit,8.8715,50.24,13.9187,48.2283
2023-12-06 19:26:32,exploit,9.491,51.2993,13.9187,48.2283
2023-12-06 19:26:32,exploit,-58.9181,-34.1801,-58.9181,-34.1801
2023-12-06 19:26:32,exploit,-75.1646,39.9528,-75.1646,39.9528
2023-12-06 19:26:32,malware,-82.9987,39.9587,135.1544,33.9189
2023-12-06 19:26:32,malware,-82.9987,39.9587,135.1544,33.9189
2023-12-06 19:26:33,exploit,-83.1756,42.3344,-83.0547,42.4122
2023-12-06 19:26:33,malware,-97.822,37.751,34.7876,31.9642
2023-12-06 19:26:33,malware,-97.822,37.751,34.7805,32.0803
2023-12-06 19:26:33,malware,35.1371,31.9426,34.8282,32.0837
2023-12-06 19:26:33,malware,100.5172,13.7512,34.8596,32.3348
2023-12-06 19:26:33,malware,100.5172,13.7512,34.8596,32.3348
2023-12-06 19:26:33,malware,100.5172,13.7512,34.8596,32.3348
2023-12-06 19:26:33,exploit,-77.4903,39.0469,-77.3159,39.2139
2023-12-06 19:26:33,exploit,-77.4903,39.0469,-77.3159,39.2139
2023-12-06 19:26:33,exploit,-77.4903,39.0469,-77.3159,39.2139
2023-12-06 19:26:33,exploit,-77.4903,39.0469,-77.3159,39.2139
2023-12-06 19:26:33,exploit,-97.822,37.751,-77.3159,39.2139
2023-12-06 19:26:33,exploit,-105.1009,40.1773,-112.0469,41.1315
2023-12-06 19:26:33,exploit,18.0517,59.3241,10.4717,59.2794
2023-12-06 19:26:33,exploit,18.0517,59.3241,10.4717,59.2794
2023-12-06 19:26:33,malware,-97.822,37.751,-0.1224,51.4964
2023-12-06 19:26:33,malware,-97.822,37.751,105.8526,21.0292
2023-12-06 19:26:33,malware,-97.822,37.751,105.8526,21.0292
2023-12-06 19:26:33,malware,-97.822,37.751,105.8526,21.0292
2023-12-06 19:26:33,malware,27.6083,47.1672,105.8526,21.0292
2023-12-06 19:26:33,malware,-97.822,37.751,77.1663,28.652
2023-12-06 19:26:33,malware,-97.822,37.751,77.1663,28.652
2023-12-06 19:26:33,exploit,151.2006,-33.8715,151.338,-33.4304
2023-12-06 19:26:33,malware,4.6563,52.3891,34.8629,31.9192
2023-12-06 19:26:33,malware,-97.822,37.751,-8.6793,41.1691
2023-12-06 19:26:33,malware,4.6563,52.3891,35.0917,32.4883
2023-12-06 19:26:33,exploit,2.3387,48.8582,28.9898,41.0652
2023-12-06 19:26:33,exploit,2.3387,48.8582,28.9898,41.0652
2023-12-06 19:26:33,exploit,2.3387,48.8582,28.9898,41.0652
2023-12-06 19:26:33,exploit,-120.2719,47.4162,5.0795,52.0862
2023-12-06 19:26:33,exploit,-120.2719,47.4162,5.0795,52.0862
2023-12-06 19:26:33,malware,27.6083,47.1672,34.7805,32.0803
2023-12-06 19:26:33,malware,-97.822,37.751,-96.0001,41.2648
2023-12-06 19:26:33,exploit,-86.8168,34.643,-76.2122,36.9201
2023-12-06 19:26:33,exploit,-97.822,37.751,-76.2122,36.9201
2023-12-06 19:26:33,exploit,-84.6469,33.7655,-76.2122,36.9201
2023-12-06 19:26:33,exploit,-86.8168,34.643,-76.2122,36.9201
2023-12-06 19:26:33,exploit,-97.822,37.751,-76.2122,36.9201
2023-12-06 19:26:33,exploit,-86.8168,34.643,-76.2122,36.9201
2023-12-06 19:26:33,exploit,-77.539,39.018,-76.2122,36.9201
2023-12-06 19:26:34,exploit,18.3592,43.8453,17.7078,43.113
2023-12-06 19:26:34,exploit,18.3592,43.8453,17.7078,43.113
2023-12-06 19:26:34,exploit,-97.822,37.751,106.8819,47.9094
2023-12-06 19:26:34,exploit,-97.822,37.751,106.8819,47.9094
2023-12-06 19:26:34,exploit,4.8883,52.3716,4.9044,52.3712
2023-12-06 19:26:34,malware,143.2104,-33.494,34.7805,32.0803
2023-12-06 19:26:34,exploit,-97.822,37.751,106.8819,47.9094
2023-12-06 19:26:34,exploit,-97.822,37.751,106.8819,47.9094
2023-12-06 19:26:34,exploit,-94.5778,39.1027,106.8819,47.9094
2023-12-06 19:26:34,exploit,-97.822,37.751,106.8819,47.9094
2023-12-06 19:26:34,exploit,-97.822,37.751,106.8819,47.9094
2023-12-06 19:26:34,exploit,-94.5778,39.1027,106.8819,47.9094
2023-12-06 19:26:34,exploit,-94.5778,39.1027,106.8819,47.9094
2023-12-06 19:26:34,exploit,-97.822,37.751,106.8819,47.9094
2023-12-06 19:26:34,exploit,-97.822,37.751,106.8819,47.9094
2023-12-06 19:26:34,exploit,-94.5778,39.1027,106.8819,47.9094
2023-12-06 19:26:34,exploit,-97.822,37.751,106.8819,47.9094
2023-12-06 19:26:34,exploit,-94.5778,39.1027,106.8819,47.9094
2023-12-06 19:26:34,exploit,-94.5778,39.1027,106.8819,47.9094
2023-12-06 19:26:34,exploit,-94.5778,39.1027,106.8819,47.9094
2023-12-06 19:26:34,exploit,-97.822,37.751,106.8819,47.9094
2023-12-06 19:26:34,exploit,-94.5778,39.1027,106.8819,47.9094
2023-12-06 19:26:34,exploit,-97.822,37.751,106.8819,47.9094
2023-12-06 19:26:34,exploit,-94.5778,39.1027,106.8819,47.9094
2023-12-06 19:26:34,exploit,-97.822,37.751,106.8819,47.9094
2023-12-06 19:26:34,exploit,-97.822,37.751,106.8819,47.9094
2023-12-06 19:26:34,exploit,-97.822,37.751,106.8819,47.9094
2023-12-06 19:26:34,exploit,-94.5778,39.1027,106.8819,47.9094
2023-12-06 19:26:34,exploit,-94.5778,39.1027,106.8819,47.9094
2023-12-06 19:26:34,exploit,-97.822,37.751,106.8819,47.9094
2023-12-06 19:26:34,exploit,-94.5778,39.1027,106.8819,47.9094
2023-12-06 19:26:34,exploit,-94.5778,39.1027,106.8819,47.9094
2023-12-06 19:26:34,exploit,-97.822,37.751,106.8819,47.9094
2023-12-06 19:26:34,exploit,-97.822,37.751,106.8819,47.9094
2023-12-06 19:26:34,exploit,-97.822,37.751,106.8819,47.9094
2023-12-06 19:26:34,exploit,-97.822,37.751,106.8819,47.9094
2023-12-06 19:26:34,exploit,-97.822,37.751,106.8819,47.9094
2023-12-06 19:26:34,exploit,-97.822,37.751,106.8819,47.9094
2023-12-06 19:26:34,exploit,-94.5778,39.1027,106.8819,47.9094
2023-12-06 19:26:34,exploit,-97.822,37.751,106.8819,47.9094
2023-12-06 19:26:34,exploit,-94.5778,39.1027,106.8819,47.9094
2023-12-06 19:26:35,exploit,-94.5778,39.1027,106.8819,47.9094
2023-12-06 19:26:35,exploit,-97.822,37.751,106.8819,47.9094
2023-12-06 19:26:35,exploit,-94.5778,39.1027,106.8819,47.9094
2023-12-06 19:26:35,exploit,-97.822,37.751,106.8819,47.9094
2023-12-06 19:26:35,exploit,-94.5778,39.1027,106.8819,47.9094
2023-12-06 19:26:35,exploit,-94.5778,39.1027,106.8819,47.9094
2023-12-06 19:26:35,exploit,-94.5778,39.1027,106.8819,47.9094
2023-12-06 19:26:35,exploit,-94.5778,39.1027,106.8819,47.9094
2023-12-06 19:26:35,exploit,-97.822,37.751,106.8819,47.9094
2023-12-06 19:26:35,exploit,-94.5778,39.1027,106.8819,47.9094
2023-12-06 19:26:35,exploit,-94.5778,39.1027,106.8819,47.9094
2023-12-06 19:26:35,exploit,-94.5778,39.1027,106.8819,47.9094
2023-12-06 19:26:35,exploit,-97.822,37.751,106.8819,47.9094
2023-12-06 19:26:35,exploit,-94.5778,39.1027,106.8819,47.9094
2023-12-06 19:26:35,exploit,-94.5778,39.1027,106.8819,47.9094
2023-12-06 19:26:35,exploit,-94.5778,39.1027,106.8819,47.9094
2023-12-06 19:26:35,exploit,-97.822,37.751,106.8819,47.9094
2023-12-06 19:26:35,exploit,-94.5778,39.1027,106.8819,47.9094
2023-12-06 19:26:35,exploit,-97.822,37.751,106.8819,47.9094
2023-12-06 19:26:35,exploit,-94.5778,39.1027,106.8819,47.9094
2023-12-06 19:26:35,exploit,-94.5778,39.1027,106.8819,47.9094
2023-12-06 19:26:35,exploit,-94.5778,39.1027,106.8819,47.9094
2023-12-06 19:26:35,exploit,-97.822,37.751,106.8819,47.9094
2023-12-06 19:26:35,exploit,-94.5778,39.1027,106.8819,47.9094
2023-12-06 19:26:35,exploit,-97.822,37.751,-92.9276,37.328
2023-12-06 19:26:35,exploit,-77.4903,39.0469,-92.9276,37.328
2023-12-06 19:26:35,exploit,-93.6124,41.6021,-92.9276,37.328
2023-12-06 19:26:35,exploit,-97.822,37.751,-92.9276,37.328
2023-12-06 19:26:35,exploit,-96.8022,32.7797,-92.9276,37.328
2023-12-06 19:26:35,exploit,-96.8022,32.7797,-92.9276,37.328
2023-12-06 19:26:35,exploit,-97.822,37.751,-92.9276,37.328
2023-12-06 19:26:35,exploit,-77.4903,39.0469,-92.9276,37.328
2023-12-06 19:26:35,exploit,-96.7283,32.9103,-92.9276,37.328
2023-12-06 19:26:35,exploit,-118.2441,34.0544,-92.9276,37.328
2023-12-06 19:26:35,exploit,-97.822,37.751,-92.9276,37.328
2023-12-06 19:26:35,exploit,-118.2441,34.0544,-92.9276,37.328
2023-12-06 19:26:35,exploit,-118.2441,34.0544,-92.9276,37.328
2023-12-06 19:26:35,exploit,9.491,51.2993,-97.822,37.751
2023-12-06 19:26:35,exploit,9.491,51.2993,-97.822,37.751
2023-12-06 19:26:36,exploit,9.491,51.2993,-97.822,37.751
2023-12-06 19:26:36,exploit,9.491,51.2993,-97.822,37.751
2023-12-06 19:26:36,exploit,9.491,51.2993,-97.822,37.751
2023-12-06 19:26:36,exploit,9.491,51.2993,-97.822,37.751
2023-12-06 19:26:36,exploit,9.491,51.2993,-97.822,37.751
2023-12-06 19:26:36,exploit,-97.822,37.751,4.8883,52.3716
2023-12-06 19:26:36,exploit,-80.3172,43.5578,-79.8845,43.5142
2023-12-06 19:26:36,exploit,-80.3172,43.5578,-79.8845,43.5142
2023-12-06 19:26:36,exploit,-80.3172,43.5578,-79.8845,43.5142
2023-12-06 19:26:36,exploit,-80.3172,43.5578,-79.8845,43.5142
2023-12-06 19:26:36,exploit,-80.3172,43.5578,-79.8845,43.5142
2023-12-06 19:26:36,exploit,-80.3172,43.5578,-79.8845,43.5142
2023-12-06 19:26:36,exploit,10.0288,53.5844,9.4619,54.79
2023-12-06 19:26:36,exploit,-1.8846,52.506,-1.8846,52.506
2023-12-06 19:26:36,exploit,-1.8846,52.506,-1.8846,52.506
2023-12-06 19:26:36,exploit,-97.822,37.751,-100.1508,25.8186
2023-12-06 19:26:36,exploit,-78.375,36.6534,-104.2171,19.1185
2023-12-06 19:26:36,exploit,-121.7714,37.1835,-104.2171,19.1185
2023-12-06 19:26:36,exploit,-121.7714,37.1835,-104.2171,19.1185
2023-12-06 19:26:36,exploit,-77.4903,39.0469,-104.2171,19.1185
2023-12-06 19:26:36,exploit,-121.7714,37.1835,-104.2171,19.1185
2023-12-06 19:26:36,exploit,-122.1253,47.6711,-104.2171,19.1185
2023-12-06 19:26:36,exploit,-98.4927,29.4227,-104.2171,19.1185
2023-12-06 19:26:36,exploit,-92.7557,15.834,-104.2171,19.1185
2023-12-06 19:26:36,exploit,-98.4927,29.4227,-104.2171,19.1185
2023-12-06 19:26:36,exploit,-121.7714,37.1835,-104.2171,19.1185
2023-12-06 19:26:36,exploit,-76.8545,37.9273,-104.2171,19.1185
2023-12-06 19:26:36,exploit,-81.6221,28.6344,76.8646,43.2433
2023-12-06 19:26:36,exploit,-104.9868,39.7388,76.8646,43.2433
2023-12-06 19:26:36,exploit,-122.1253,47.6711,-104.2171,19.1185
2023-12-06 19:26:36,exploit,-122.1253,47.6711,-104.2171,19.1185
2023-12-06 19:26:36,exploit,-98.4927,29.4227,-104.2171,19.1185
2023-12-06 19:26:36,exploit,-119.7257,45.8234,-80.1886,25.7634
2023-12-06 19:26:36,exploit,-119.7257,45.8234,-80.1886,25.7634
2023-12-06 19:26:36,malware,143.2104,-33.494,34.7805,32.0803
2023-12-06 19:26:36,malware,-97.822,37.751,34.7805,32.0803
2023-12-06 19:26:36,malware,-97.822,37.751,34.7805,32.0803
2023-12-06 19:26:36,exploit,103.8503,1.2868,121.586,24.9466
2023-12-06 19:26:36,exploit,135.5021,34.6946,121.586,24.9466
2023-12-06 19:26:36,exploit,135.5021,34.6946,121.586,24.9466
2023-12-06 19:26:36,exploit,135.5021,34.6946,121.586,24.9466
2023-12-06 19:26:37,exploit,-119.7257,45.8234,121.586,24.9466
2023-12-06 19:26:37,exploit,24.0978,56.9496,24.0978,56.9496
2023-12-06 19:26:37,exploit,24.0978,56.9496,24.0978,56.9496
2023-12-06 19:26:37,exploit,-112.0902,33.5594,8.6843,50.1188
2023-12-06 19:26:37,malware,-73.9741,40.7657,34.7805,32.0803
2023-12-06 19:26:37,malware,103.8503,1.2864,103.7909,1.3236
2023-12-06 19:26:37,malware,-97.822,37.751,103.7909,1.3236
2023-12-06 19:26:37,malware,-97.822,37.751,103.7909,1.3236
2023-12-06 19:26:37,malware,-97.822,37.751,103.7909,1.3236
2023-12-06 19:26:37,malware,103.8503,1.2864,103.7909,1.3236
2023-12-06 19:26:37,exploit,-80.1946,25.7689,-76.8019,17.9962
2023-12-06 19:26:37,exploit,-97.822,37.751,-76.8019,17.9962
2023-12-06 19:26:37,malware,-64.4999,18.4985,35.2186,31.7674
2023-12-06 19:26:37,malware,4.6563,52.3891,34.8943,31.9522
2023-12-06 19:26:37,exploit,72.8856,19.0748,72.8856,19.0748
2023-12-06 19:26:37,exploit,72.8856,19.0748,72.8856,19.0748
2023-12-06 19:26:37,exploit,72.8856,19.0748,72.8856,19.0748
2023-12-06 19:26:37,exploit,72.8856,19.0748,72.8856,19.0748
2023-12-06 19:26:37,exploit,72.8856,19.0748,72.8856,19.0748
2023-12-06 19:26:37,exploit,72.8856,19.0748,72.8856,19.0748
2023-12-06 19:26:37,exploit,72.8856,19.0748,72.8856,19.0748
2023-12-06 19:26:37,exploit,72.8856,19.0748,72.8856,19.0748
2023-12-06 19:26:37,malware,-90.3467,38.5904,-87.4552,46.5778
2023-12-06 19:26:37,exploit,12.0564,55.7123,12.9982,55.6078
2023-12-06 19:26:37,exploit,-87.6318,41.8874,35.8333,33.8333
2023-12-06 19:26:37,exploit,-122.0004,37.5625,35.8333,33.8333
2023-12-06 19:26:37,exploit,-6.2591,53.3379,35.8333,33.8333
2023-12-06 19:26:37,exploit,8.6843,50.1188,35.8333,33.8333
2023-12-06 19:26:37,exploit,21.0067,52.2296,19.3495,52.8645
2023-12-06 19:26:37,exploit,2.3387,48.8582,19.3495,52.8645
2023-12-06 19:26:37,exploit,4.8975,52.3759,19.3495,52.8645
2023-12-06 19:26:37,exploit,-97.822,37.751,19.3495,52.8645
2023-12-06 19:26:37,malware,-80.2447,26.3051,34.8503,32.1471
2023-12-06 19:26:37,malware,-97.822,37.751,-69.8965,18.4615
2023-12-06 19:26:37,malware,34.7805,32.0803,34.7805,32.0803
2023-12-06 19:26:37,malware,-97.822,37.751,34.7237,31.8188
2023-12-06 19:26:37,malware,-97.822,37.751,34.7237,31.8188
2023-12-06 19:26:37,malware,-97.822,37.751,34.8879,32.1033
2023-12-06 19:26:37,exploit,2.3387,48.8582,-1.8561,38.9967
2023-12-06 19:26:37,malware,-82.9987,39.9587,139.6498,35.9637
2023-12-06 19:26:37,malware,-97.822,37.751,-0.1224,51.4964
2023-12-06 19:26:37,malware,-97.822,37.751,-0.1224,51.4964
2023-12-06 19:26:38,exploit,-81.6221,28.6344,-82.3677,28.1138
2023-12-06 19:26:38,exploit,-81.6221,28.6344,-82.3677,28.1138
2023-12-06 19:26:38,exploit,-81.6221,28.6344,-82.3677,28.1138
2023-12-06 19:26:38,exploit,14.1506,56.0278,15.6326,60.6043
2023-12-06 19:26:38,malware,27.6083,47.1672,34.7805,32.0803
2023-12-06 19:26:38,exploit,-77.4903,39.0469,-89.5073,43.103
2023-12-06 19:26:38,malware,35.4802,32.486,34.7805,32.0803
2023-12-06 19:26:38,exploit,113.2539,23.1181,113.2539,23.1181
2023-12-06 19:26:38,phishing,-91.0332,38.811,-87.3211,30.6156
2023-12-06 19:26:38,exploit,-77.4903,39.0469,-75.3533,39.9747
2023-12-06 19:26:38,exploit,-95.8517,41.2591,-75.3533,39.9747
2023-12-06 19:26:38,exploit,-97.822,37.751,-75.3533,39.9747
2023-12-06 19:26:38,exploit,8.6843,50.1188,27.4814,-29.3171
2023-12-06 19:26:38,exploit,-6.2591,53.3379,27.4814,-29.3171
2023-12-06 19:26:38,exploit,135.5021,34.6946,27.4814,-29.3171
2023-12-06 19:26:38,exploit,4.8883,52.3716,27.4814,-29.3171
2023-12-06 19:26:38,exploit,-97.822,37.751,27.4814,-29.3171
2023-12-06 19:26:38,exploit,-76.8545,37.9273,27.4814,-29.3171
2023-12-06 19:26:38,exploit,4.8883,52.3716,27.4814,-29.3171
2023-12-06 19:26:38,exploit,4.8883,52.3716,27.4814,-29.3171
2023-12-06 19:26:38,exploit,4.8883,52.3716,27.4814,-29.3171
2023-12-06 19:26:38,exploit,4.8883,52.3716,27.4814,-29.3171
2023-12-06 19:26:38,exploit,4.8883,52.3716,27.4814,-29.3171
2023-12-06 19:26:38,exploit,4.8883,52.3716,27.4814,-29.3171
2023-12-06 19:26:38,exploit,8.6843,50.1188,27.4814,-29.3171
2023-12-06 19:26:38,malware,27.6083,47.1672,34.7805,32.0803
2023-12-06 19:26:38,malware,27.6083,47.1672,34.7805,32.0803
2023-12-06 19:26:38,exploit,-3.684,40.4172,-0.4046,39.4923
2023-12-06 19:26:38,exploit,-3.684,40.4172,-0.4046,39.4923
2023-12-06 19:26:38,exploit,-3.684,40.4172,-0.4046,39.4923
2023-12-06 19:26:38,exploit,-97.822,37.751,-83.9228,36.0499
2023-12-06 19:26:38,exploit,18.056,59.3247,27.4814,-29.3171
2023-12-06 19:26:38,exploit,4.8883,52.3716,27.4814,-29.3171
2023-12-06 19:26:38,exploit,-6.2591,53.3379,27.4814,-29.3171
2023-12-06 19:26:38,exploit,8.6843,50.1188,27.4814,-29.3171
2023-12-06 19:26:38,exploit,8.6843,50.1188,27.4814,-29.3171
2023-12-06 19:26:38,exploit,4.8883,52.3716,27.4814,-29.3171
2023-12-06 19:26:38,exploit,4.8883,52.3716,27.4814,-29.3171
2023-12-06 19:26:38,exploit,8.6843,50.1188,27.4814,-29.3171
2023-12-06 19:26:38,exploit,-6.2591,53.3379,27.4814,-29.3171
2023-12-06 19:26:39,exploit,4.8883,52.3716,27.4814,-29.3171
2023-12-06 19:26:39,exploit,4.8883,52.3716,27.4814,-29.3171
2023-12-06 19:26:39,exploit,4.8883,52.3716,27.4814,-29.3171
2023-12-06 19:26:39,exploit,-98.4927,29.4227,27.4814,-29.3171
2023-12-06 19:26:39,exploit,-6.2591,53.3379,27.4814,-29.3171
2023-12-06 19:26:39,exploit,-6.2591,53.3379,27.4814,-29.3171
2023-12-06 19:26:39,malware,-97.822,37.751,17.0759,-22.5562
2023-12-06 19:26:39,malware,18.4811,-34.0486,17.0759,-22.5562
2023-12-06 19:26:39,malware,-97.822,37.751,17.0759,-22.5562
2023-12-06 19:26:39,malware,116.395,39.911,17.0759,-22.5562
2023-12-06 19:26:39,malware,120.1612,30.2994,17.0759,-22.5562
2023-12-06 19:26:39,malware,-97.822,37.751,17.0759,-22.5562
2023-12-06 19:26:39,malware,-119.7257,45.8234,17.0759,-22.5562
2023-12-06 19:26:39,malware,-97.822,37.751,17.0759,-22.5562
2023-12-06 19:26:39,exploit,2.4075,48.8323,-5.6604,43.5381
2023-12-06 19:26:39,exploit,-111.9439,40.4953,-5.6604,43.5381
2023-12-06 19:26:39,exploit,-81.6221,28.6344,-5.6604,43.5381
2023-12-06 19:26:39,malware,-97.822,37.751,106.6257,10.822
2023-12-06 19:26:39,malware,-97.822,37.751,106.6257,10.822
2023-12-06 19:26:39,malware,-97.822,37.751,106.6257,10.822
2023-12-06 19:26:39,malware,-97.822,37.751,106.6257,10.822
2023-12-06 19:26:39,malware,-97.822,37.751,106.6257,10.822
2023-12-06 19:26:39,exploit,23.325,42.6951,29.1187,40.985
2023-12-06 19:26:39,exploit,23.325,42.6951,29.1187,40.985
2023-12-06 19:26:39,exploit,-97.822,37.751,29.1187,40.985
2023-12-06 19:26:39,exploit,19.8854,-33.7966,28.2604,-25.7599
2023-12-06 19:26:39,exploit,-97.822,37.751,-99.1091,19.4846
2023-12-06 19:26:39,exploit,-97.822,37.751,-99.1091,19.4846
2023-12-06 19:26:39,exploit,-94.5778,39.1027,-99.1091,19.4846
2023-12-06 19:26:39,exploit,-97.822,37.751,-99.1091,19.4846
2023-12-06 19:26:39,exploit,-94.5778,39.1027,-99.1091,19.4846
2023-12-06 19:26:39,exploit,-94.5778,39.1027,-99.1091,19.4846
2023-12-06 19:26:39,exploit,-94.5778,39.1027,-99.1091,19.4846
2023-12-06 19:26:39,exploit,-97.822,37.751,-99.1091,19.4846
2023-12-06 19:26:39,exploit,-97.822,37.751,-99.1091,19.4846
2023-12-06 19:26:39,exploit,-97.822,37.751,-99.1091,19.4846
2023-12-06 19:26:39,exploit,-97.822,37.751,-99.1091,19.4846
2023-12-06 19:26:39,exploit,-97.822,37.751,-99.1091,19.4846
2023-12-06 19:26:39,exploit,-94.5778,39.1027,-99.1091,19.4846
2023-12-06 19:26:39,exploit,-97.822,37.751,-99.1091,19.4846
2023-12-06 19:26:39,exploit,-94.5778,39.1027,-99.1091,19.4846
2023-12-06 19:26:40,exploit,-97.822,37.751,-99.1091,19.4846
2023-12-06 19:26:40,exploit,-94.5778,39.1027,-99.1091,19.4846
2023-12-06 19:26:40,exploit,-94.5778,39.1027,-99.1091,19.4846
2023-12-06 19:26:40,exploit,-97.822,37.751,-99.1091,19.4846
2023-12-06 19:26:40,exploit,-97.822,37.751,-99.1091,19.4846
2023-12-06 19:26:40,exploit,-97.822,37.751,-99.1091,19.4846
2023-12-06 19:26:40,exploit,-97.822,37.751,-99.1091,19.4846
2023-12-06 19:26:40,exploit,-94.5778,39.1027,-99.1091,19.4846
2023-12-06 19:26:40,exploit,-97.822,37.751,-99.1091,19.4846
2023-12-06 19:26:40,exploit,-97.822,37.751,-99.1091,19.4846
2023-12-06 19:26:40,exploit,-97.822,37.751,-99.1091,19.4846
2023-12-06 19:26:40,exploit,-97.822,37.751,-99.1091,19.4846
2023-12-06 19:26:40,exploit,-97.822,37.751,-99.1091,19.4846
2023-12-06 19:26:40,exploit,-97.822,37.751,-99.1091,19.4846
2023-12-06 19:26:40,exploit,-94.5778,39.1027,-99.1091,19.4846
2023-12-06 19:26:40,exploit,-97.822,37.751,-99.1091,19.4846
2023-12-06 19:26:40,exploit,-97.822,37.751,-99.1091,19.4846
2023-12-06 19:26:40,exploit,-97.822,37.751,-99.1091,19.4846
2023-12-06 19:26:40,exploit,-97.822,37.751,-99.1091,19.4846
2023-12-06 19:26:40,exploit,-94.5778,39.1027,-99.1091,19.4846
2023-12-06 19:26:40,exploit,-97.822,37.751,-99.1091,19.4846
2023-12-06 19:26:40,exploit,-97.822,37.751,-99.1091,19.4846
2023-12-06 19:26:40,exploit,-97.822,37.751,-99.1091,19.4846
2023-12-06 19:26:40,exploit,-94.5778,39.1027,-99.1091,19.4846
2023-12-06 19:26:40,exploit,-94.5778,39.1027,-99.1091,19.4846
2023-12-06 19:26:40,exploit,-94.5778,39.1027,-99.1091,19.4846
2023-12-06 19:26:40,exploit,-97.822,37.751,-99.1091,19.4846
2023-12-06 19:26:40,exploit,-97.822,37.751,-99.1091,19.4846
2023-12-06 19:26:40,exploit,-94.5778,39.1027,-99.1091,19.4846
2023-12-06 19:26:40,exploit,-97.822,37.751,-99.1091,19.4846
2023-12-06 19:26:40,exploit,-97.822,37.751,-99.1091,19.4846
2023-12-06 19:26:40,exploit,-94.5778,39.1027,-99.1091,19.4846
2023-12-06 19:26:40,exploit,-97.822,37.751,-99.1091,19.4846
2023-12-06 19:26:40,exploit,-94.5778,39.1027,-99.1091,19.4846
2023-12-06 19:26:40,exploit,-97.822,37.751,-99.1091,19.4846
2023-12-06 19:26:40,exploit,-94.5778,39.1027,-99.1091,19.4846
2023-12-06 19:26:40,exploit,-94.5778,39.1027,-99.1091,19.4846
2023-12-06 19:26:40,exploit,-97.822,37.751,-99.1091,19.4846
2023-12-06 19:26:40,exploit,-94.5778,39.1027,-99.1091,19.4846
2023-12-06 19:26:41,exploit,-94.5778,39.1027,-99.1091,19.4846
2023-12-06 19:26:41,exploit,-94.5778,39.1027,-99.1091,19.4846
2023-12-06 19:26:41,exploit,-94.5778,39.1027,-99.1091,19.4846
2023-12-06 19:26:41,exploit,-97.822,37.751,-99.1091,19.4846
2023-12-06 19:26:41,exploit,2.2968,49.9007,-99.1091,19.4846
2023-12-06 19:26:41,exploit,-94.5778,39.1027,-99.1091,19.4846
2023-12-06 19:26:41,exploit,-94.5778,39.1027,-99.1091,19.4846
2023-12-06 19:26:41,exploit,-97.822,37.751,-99.1091,19.4846
2023-12-06 19:26:41,exploit,-97.822,37.751,-99.1091,19.4846
2023-12-06 19:26:41,exploit,-97.822,37.751,-99.1091,19.4846
2023-12-06 19:26:41,exploit,21.0067,52.2296,21.0067,52.2296
2023-12-06 19:26:41,exploit,-117.1552,32.7203,-89.9861,14.626
2023-12-06 19:26:41,exploit,-117.1552,32.7203,-89.9861,14.626
2023-12-06 19:26:41,exploit,18.0717,59.3287,18.3822,60.2591
2023-12-06 19:26:41,exploit,18.0717,59.3287,18.3822,60.2591
2023-12-06 19:26:41,exploit,-104.9868,39.7388,18.3822,60.2591
2023-12-06 19:26:41,exploit,-117.1552,32.7203,-89.9861,14.626
2023-12-06 19:26:41,exploit,-95.9354,41.2612,-74.1594,40.7256
2023-12-06 19:26:41,malware,-97.822,37.751,34.8879,32.1033
2023-12-06 19:26:41,exploit,-97.822,37.751,-74.1594,40.7256
2023-12-06 19:26:41,exploit,-94.5778,39.1027,33.9353,36.3786
2023-12-06 19:26:41,exploit,-82.9987,39.9587,-38.5285,-3.7138
2023-12-06 19:26:41,exploit,-43.9572,-19.9029,-38.4807,-12.8671
2023-12-06 19:26:41,exploit,37.6068,55.7386,33.9353,36.3786
2023-12-06 19:26:41,exploit,-97.822,37.751,33.9353,36.3786
2023-12-06 19:26:41,exploit,2.3387,48.8582,33.9353,36.3786
2023-12-06 19:26:41,exploit,-97.822,37.751,33.9353,36.3786
2023-12-06 19:26:41,exploit,-97.7494,30.5034,33.9353,36.3786
2023-12-06 19:26:41,exploit,-97.822,37.751,-87.738,41.8986
2023-12-06 19:26:41,exploit,-2.6946,42.8561,-2.6946,42.8561
2023-12-06 19:26:41,exploit,-2.6946,42.8561,-2.6946,42.8561
2023-12-06 19:26:41,exploit,-2.6946,42.8561,-2.6946,42.8561
2023-12-06 19:26:41,exploit,-2.6946,42.8561,-2.6946,42.8561
2023-12-06 19:26:41,exploit,4.4282,50.9251,4.4282,50.9251
2023-12-06 19:26:41,exploit,4.4282,50.9251,4.4282,50.9251
2023-12-06 19:26:41,exploit,4.4282,50.9251,4.4282,50.9251
2023-12-06 19:26:41,exploit,4.4282,50.9251,4.4282,50.9251
2023-12-06 19:26:41,exploit,4.4282,50.9251,4.4282,50.9251
2023-12-06 19:26:41,exploit,4.4282,50.9251,4.4282,50.9251
2023-12-06 19:26:41,exploit,4.4282,50.9251,4.4282,50.9251
2023-12-06 19:26:41,exploit,4.4282,50.9251,4.4282,50.9251
2023-12-06 19:26:41,exploit,4.4282,50.9251,4.4282,50.9251
2023-12-06 19:26:41,exploit,4.4282,50.9251,4.4282,50.9251
2023-12-06 19:26:42,exploit,4.4282,50.9251,4.4282,50.9251
2023-12-06 19:26:42,exploit,4.4282,50.9251,4.4282,50.9251
2023-12-06 19:26:42,exploit,4.4282,50.9251,4.4282,50.9251
2023-12-06 19:26:42,exploit,4.4282,50.9251,4.4282,50.9251
2023-12-06 19:26:42,exploit,4.4282,50.9251,4.4282,50.9251
2023-12-06 19:26:42,exploit,4.4282,50.9251,4.4282,50.9251
2023-12-06 19:26:42,exploit,4.4282,50.9251,4.4282,50.9251
2023-12-06 19:26:42,exploit,4.4282,50.9251,4.4282,50.9251
2023-12-06 19:26:42,exploit,-117.1552,32.7203,-89.9861,14.626
2023-12-06 19:26:42,exploit,15.6465,46.5554,15.6465,46.5554
2023-12-06 19:26:42,exploit,14.5743,46.139,15.6465,46.5554
2023-12-06 19:26:42,exploit,-97.822,37.751,-75.6556,41.4367
2023-12-06 19:26:42,exploit,-77.1674,39.0828,-34.9498,-8.0091
2023-12-06 19:26:42,exploit,-38.4807,-12.8671,-38.4807,-12.8671
2023-12-06 19:26:42,exploit,-43.9572,-19.9029,-38.4807,-12.8671
2023-12-06 19:26:42,exploit,-93.6124,41.6021,-87.738,41.8986
2023-12-06 19:26:42,exploit,-97.822,37.751,-87.738,41.8986
2023-12-06 19:26:42,exploit,-97.822,37.751,-87.738,41.8986
2023-12-06 19:26:42,exploit,4.8883,52.3716,-87.738,41.8986
2023-12-06 19:26:42,exploit,-97.822,37.751,-87.738,41.8986
2023-12-06 19:26:42,exploit,-97.822,37.751,-87.738,41.8986
2023-12-06 19:26:42,exploit,-119.7257,45.8234,-87.738,41.8986
2023-12-06 19:26:42,exploit,-74.0068,40.7123,-74.1437,41.0631
2023-12-06 19:26:42,exploit,-118.244,34.0544,-86.7196,36.0711
2023-12-06 19:26:42,exploit,-97.822,37.751,-86.7196,36.0711
2023-12-06 19:26:42,exploit,-95.9354,41.2612,-86.7196,36.0711
2023-12-06 19:26:42,exploit,-97.822,37.751,-86.7196,36.0711
2023-12-06 19:26:42,exploit,-95.9354,41.2612,-86.7196,36.0711
2023-12-06 19:26:42,exploit,-97.822,37.751,-86.7196,36.0711
2023-12-06 19:26:42,exploit,-78.6913,43.1721,-86.7196,36.0711
2023-12-06 19:26:42,exploit,-79.4057,43.709,-114.0234,51.0857
2023-12-06 19:26:42,exploit,-74.1403,40.8364,-114.0234,51.0857
2023-12-06 19:26:42,exploit,-122.3414,47.6034,-114.0234,51.0857
2023-12-06 19:26:42,exploit,2.4075,48.8323,-114.0234,51.0857
2023-12-06 19:26:42,exploit,37.6171,55.7483,37.6171,55.7483
2023-12-06 19:26:42,exploit,37.6068,55.7386,37.6171,55.7483
2023-12-06 19:26:42,exploit,37.6171,55.7483,37.6171,55.7483
2023-12-06 19:26:42,exploit,83.0335,54.9022,37.6171,55.7483
2023-12-06 19:26:42,exploit,83.0335,54.9022,37.6171,55.7483
2023-12-06 19:26:42,exploit,-97.822,37.751,2.3387,48.8582
2023-12-06 19:26:42,exploit,4.8151,52.3109,-75.6827,41.4139
2023-12-06 19:26:43,exploit,-97.822,37.751,-122.1257,47.6722
2023-12-06 19:26:43,exploit,-97.822,37.751,-122.1257,47.6722
2023-12-06 19:26:43,exploit,-97.822,37.751,-122.1257,47.6722
2023-12-06 19:26:43,exploit,-97.822,37.751,-122.1257,47.6722
2023-12-06 19:26:43,exploit,-97.822,37.751,-122.1257,47.6722
2023-12-06 19:26:43,exploit,-97.822,37.751,-122.1257,47.6722
2023-12-06 19:26:43,exploit,-97.822,37.751,-122.1257,47.6722
2023-12-06 19:26:43,exploit,-97.822,37.751,-122.1257,47.6722
2023-12-06 19:26:43,exploit,-97.822,37.751,-122.1257,47.6722
2023-12-06 19:26:43,exploit,-97.822,37.751,-122.1257,47.6722
2023-12-06 19:26:43,exploit,-97.822,37.751,-122.1257,47.6722
2023-12-06 19:26:43,exploit,-97.822,37.751,-122.1257,47.6722
2023-12-06 19:26:43,exploit,-97.822,37.751,-122.1257,47.6722
2023-12-06 19:26:43,exploit,-97.822,37.751,-122.1257,47.6722
2023-12-06 19:26:43,exploit,-97.822,37.751,-122.1257,47.6722
2023-12-06 19:26:43,exploit,-97.822,37.751,-122.1257,47.6722
2023-12-06 19:26:43,exploit,-97.822,37.751,-122.1257,47.6722
2023-12-06 19:26:43,exploit,-97.822,37.751,-122.1257,47.6722
2023-12-06 19:26:43,exploit,-97.822,37.751,-122.1257,47.6722
2023-12-06 19:26:43,exploit,-97.822,37.751,-122.1257,47.6722
2023-12-06 19:26:43,exploit,-97.822,37.751,-122.1257,47.6722
2023-12-06 19:26:43,exploit,-97.822,37.751,-122.1257,47.6722
2023-12-06 19:26:43,exploit,-97.822,37.751,-122.1257,47.6722
2023-12-06 19:26:43,exploit,-97.822,37.751,-122.1257,47.6722
2023-12-06 19:26:43,exploit,-97.822,37.751,-122.1257,47.6722
2023-12-06 19:26:43,exploit,-97.822,37.751,-122.1257,47.6722
2023-12-06 19:26:43,exploit,-97.822,37.751,-122.1257,47.6722
2023-12-06 19:26:43,exploit,-97.822,37.751,-122.1257,47.6722
2023-12-06 19:26:43,exploit,-97.822,37.751,-122.1257,47.6722
2023-12-06 19:26:43,exploit,-104.9868,39.7388,-56.0958,-15.597
2023-12-06 19:26:43,exploit,-77.1674,39.0828,-56.0958,-15.597
2023-12-06 19:26:43,exploit,-46.6359,-23.5335,-56.0958,-15.597
2023-12-06 19:26:43,exploit,-77.1674,39.0828,-56.0958,-15.597
2023-12-06 19:26:43,exploit,-77.1674,39.0828,-56.0958,-15.597
2023-12-06 19:26:43,exploit,-77.1674,39.0828,-56.0958,-15.597
2023-12-06 19:26:43,exploit,-81.6221,28.6344,-56.0958,-15.597
2023-12-06 19:26:43,exploit,-97.822,37.751,-56.0958,-15.597
2023-12-06 19:26:43,exploit,-46.8727,-23.5111,-56.0958,-15.597
2023-12-06 19:26:43,exploit,-56.0958,-15.597,-56.0958,-15.597
2023-12-06 19:26:44,exploit,-77.1674,39.0828,-56.0958,-15.597
2023-12-06 19:26:44,exploit,-77.1674,39.0828,-56.0958,-15.597
2023-12-06 19:26:44,exploit,-97.822,37.751,-56.0958,-15.597
2023-12-06 19:26:44,exploit,-77.1674,39.0828,-56.0958,-15.597
2023-12-06 19:26:44,exploit,-46.8727,-23.5111,-56.0958,-15.597
2023-12-06 19:26:44,exploit,-77.1674,39.0828,-56.0958,-15.597
2023-12-06 19:26:44,exploit,-122.4121,37.7506,-56.0958,-15.597
2023-12-06 19:26:44,exploit,-87.5593,41.7265,-56.0958,-15.597
2023-12-06 19:26:44,exploit,-77.1674,39.0828,-56.0958,-15.597
2023-12-06 19:26:44,exploit,-46.8727,-23.5111,-56.0958,-15.597
2023-12-06 19:26:44,exploit,-81.6221,28.6344,-56.0958,-15.597
2023-12-06 19:26:44,exploit,-46.6359,-23.5335,-56.0958,-15.597
2023-12-06 19:26:44,exploit,-97.822,37.751,-56.0958,-15.597
2023-12-06 19:26:44,exploit,-43.1883,-22.9072,-56.0958,-15.597
2023-12-06 19:26:44,exploit,-77.1674,39.0828,-56.0958,-15.597
2023-12-06 19:26:44,exploit,-97.822,37.751,-56.0958,-15.597
2023-12-06 19:26:44,exploit,-0.1224,51.4964,-56.0958,-15.597
2023-12-06 19:26:44,exploit,-97.822,37.751,-56.0958,-15.597
2023-12-06 19:26:44,exploit,-97.822,37.751,-56.0958,-15.597
2023-12-06 19:26:44,exploit,-43.1883,-22.9072,-56.0958,-15.597
2023-12-06 19:26:44,exploit,-81.6221,28.6344,-56.0958,-15.597
2023-12-06 19:26:44,exploit,-77.4903,39.0469,-56.0958,-15.597
2023-12-06 19:26:44,exploit,-97.822,37.751,-56.0958,-15.597
2023-12-06 19:26:44,exploit,-104.9868,39.7388,-56.0958,-15.597
2023-12-06 19:26:44,exploit,-97.822,37.751,-56.0958,-15.597
2023-12-06 19:26:44,exploit,-77.4903,39.0469,-56.0958,-15.597
2023-12-06 19:26:44,exploit,-94.5778,39.1027,-86.1735,39.7661
2023-12-06 19:26:44,exploit,-77.1674,39.0828,-56.0958,-15.597
2023-12-06 19:26:44,exploit,-73.9588,40.7652,-56.0958,-15.597
2023-12-06 19:26:44,exploit,-97.822,37.751,-56.0958,-15.597
2023-12-06 19:26:44,exploit,-86.7861,36.1671,-56.0958,-15.597
2023-12-06 19:26:44,exploit,-46.6359,-23.5335,-56.0958,-15.597
2023-12-06 19:26:44,exploit,-97.822,37.751,-56.0958,-15.597
2023-12-06 19:26:44,exploit,-94.5778,39.1027,-79.3623,43.6547
2023-12-06 19:26:44,exploit,4.8975,52.3759,5.9478,51.9843
2023-12-06 19:26:44,exploit,-122.3414,47.6034,5.9478,51.9843
2023-12-06 19:26:44,malware,-97.822,37.751,34.9996,31.7272
2023-12-06 19:26:44,malware,-97.822,37.751,35.1668,32.7966
2023-12-06 19:26:44,malware,-97.822,37.751,35.1668,32.7966
2023-12-06 19:26:44,malware,-97.822,37.751,35.1668,32.7966
2023-12-06 19:26:44,malware,-97.822,37.751,34.5697,31.6656
2023-12-06 19:26:45,malware,-97.822,37.751,34.5697,31.6656
2023-12-06 19:26:45,malware,-97.822,37.751,34.5697,31.6656
2023-12-06 19:26:45,malware,-97.822,37.751,-73.6532,45.4523
2023-12-06 19:26:45,malware,-97.822,37.751,34.8205,32.1678
2023-12-06 19:26:45,exploit,16.321,48.1712,16.3917,48.1982
2023-12-06 19:26:45,exploit,8.6843,50.1188,16.3917,48.1982
2023-12-06 19:26:45,exploit,8.6843,50.1188,16.3917,48.1982
2023-12-06 19:26:45,exploit,12.0564,55.7123,16.3917,48.1982
2023-12-06 19:26:45,exploit,8.6843,50.1188,16.3917,48.1982
2023-12-06 19:26:45,exploit,8.6843,50.1188,16.3917,48.1982
2023-12-06 19:26:45,exploit,12.0564,55.7123,16.3917,48.1982
2023-12-06 19:26:45,exploit,2.3387,48.8582,16.3917,48.1982
2023-12-06 19:26:45,exploit,16.3801,48.2048,16.3917,48.1982
2023-12-06 19:26:45,exploit,16.3801,48.2048,16.3917,48.1982
2023-12-06 19:26:45,exploit,12.0564,55.7123,16.3917,48.1982
2023-12-06 19:26:45,exploit,8.6843,50.1188,16.3917,48.1982
2023-12-06 19:26:45,exploit,8.1551,47.1449,16.3917,48.1982
2023-12-06 19:26:45,malware,-81.7771,34.0167,79.0011,21.9974
2023-12-06 19:26:45,exploit,72.8856,19.0748,79.0011,21.9974
2023-12-06 19:26:45,malware,-81.7771,34.0167,79.0011,21.9974
2023-12-06 19:26:45,malware,-81.7771,34.0167,79.0011,21.9974
2023-12-06 19:26:45,phishing,-81.7771,34.0167,79.0011,21.9974
2023-12-06 19:26:45,malware,-81.7771,34.0167,79.0011,21.9974
2023-12-06 19:26:45,exploit,-122.1253,47.6711,-90.5155,14.6343
2023-12-06 19:26:45,exploit,-122.1253,47.6711,-90.5155,14.6343
2023-12-06 19:26:45,exploit,-97.822,37.751,-90.5155,14.6343
2023-12-06 19:26:45,exploit,-74.1004,41.0429,-90.5155,14.6343
2023-12-06 19:26:45,malware,-97.822,37.751,34.7876,31.9642
2023-12-06 19:26:45,exploit,-77.4903,39.0469,-77.4903,39.0469
2023-12-06 19:26:45,exploit,-97.822,37.751,-77.4903,39.0469
2023-12-06 19:26:45,exploit,-84.3871,33.7485,-77.4903,39.0469
2023-12-06 19:26:45,exploit,-89.0075,34.4833,-77.4903,39.0469
2023-12-06 19:26:45,exploit,-46.6359,-23.5335,-77.4903,39.0469
2023-12-06 19:26:45,exploit,-77.4903,39.0469,-77.4903,39.0469
2023-12-06 19:26:45,exploit,-97.822,37.751,27.1857,39.1207
2023-12-06 19:26:45,exploit,-97.822,37.751,27.1857,39.1207
2023-12-06 19:26:45,exploit,-77.1674,39.0828,27.1857,39.1207
2023-12-06 19:26:45,exploit,-97.822,37.751,27.1857,39.1207
2023-12-06 19:26:45,exploit,-97.822,37.751,27.1857,39.1207
2023-12-06 19:26:45,exploit,-111.9439,40.4953,27.1857,39.1207
2023-12-06 19:26:46,exploit,-77.3927,38.9744,-82.9987,39.9587
2023-12-06 19:26:46,exploit,-77.3927,38.9744,-82.9987,39.9587
2023-12-06 19:26:46,exploit,-77.3927,38.9744,-82.9987,39.9587
2023-12-06 19:26:46,exploit,-97.822,37.751,-82.9987,39.9587
2023-12-06 19:26:46,exploit,-118.244,34.0544,-111.8581,33.2505
2023-12-06 19:26:46,malware,-74.0005,40.7114,34.9996,31.7272
2023-12-06 19:26:46,exploit,-97.822,37.751,-111.8581,33.2505
2023-12-06 19:26:46,exploit,-97.822,37.751,-111.8581,33.2505
2023-12-06 19:26:46,exploit,-97.822,37.751,-111.8581,33.2505
2023-12-06 19:26:46,exploit,-97.822,37.751,-111.8581,33.2505
2023-12-06 19:26:46,exploit,-80.2447,26.3051,35.0162,31.8964
2023-12-06 19:26:46,exploit,-80.2447,26.3051,35.0162,31.8964
2023-12-06 19:26:46,exploit,-80.2447,26.3051,35.0162,31.8964
2023-12-06 19:26:46,exploit,-97.822,37.751,35.0162,31.8964
2023-12-06 19:26:46,exploit,-80.2447,26.3051,35.0162,31.8964
2023-12-06 19:26:46,exploit,-118.244,34.0544,-80.8428,35.2316
2023-12-06 19:26:46,exploit,-78.6913,43.1721,-80.8428,35.2316
2023-12-06 19:26:46,exploit,-77.4903,39.0469,-80.8428,35.2316
2023-12-06 19:26:46,exploit,-97.822,37.751,-80.8428,35.2316
2023-12-06 19:26:46,exploit,-97.822,37.751,-97.7649,30.3471
2023-12-06 19:26:46,exploit,-96.8022,32.7797,-97.7649,30.3471
2023-12-06 19:26:46,exploit,-95.9354,41.2612,-97.7649,30.3471
2023-12-06 19:26:46,exploit,-95.9354,41.2612,-97.7649,30.3471
2023-12-06 19:26:46,exploit,-95.9354,41.2612,-97.7649,30.3471
2023-12-06 19:26:46,exploit,-95.9354,41.2612,-97.7649,30.3471
2023-12-06 19:26:46,exploit,-95.9354,41.2612,-97.7649,30.3471
2023-12-06 19:26:46,exploit,-97.822,37.751,-97.7649,30.3471
2023-12-06 19:26:46,exploit,-98.4927,29.4227,72.8856,19.0748
2023-12-06 19:26:46,exploit,-99.0559,19.4342,-98.4927,29.4227
2023-12-06 19:26:46,exploit,-99.1427,19.4354,-98.4927,29.4227
2023-12-06 19:26:46,exploit,-99.1427,19.4354,-98.4927,29.4227
2023-12-06 19:26:46,exploit,-99.1427,19.4354,-98.4927,29.4227
2023-12-06 19:26:46,exploit,-122.1253,47.6711,34.9023,32.438
2023-12-06 19:26:46,exploit,-122.1253,47.6711,34.9023,32.438
2023-12-06 19:26:46,exploit,-122.1253,47.6711,34.9023,32.438
2023-12-06 19:26:46,exploit,-122.1253,47.6711,34.9023,32.438
2023-12-06 19:26:46,exploit,-97.822,37.751,-73.5485,45.4978
2023-12-06 19:26:46,exploit,-97.822,37.751,-73.5485,45.4978
2023-12-06 19:26:46,exploit,8.6843,50.1188,28.9533,41.0145
2023-12-06 19:26:46,exploit,28.9533,41.0145,28.9533,41.0145
2023-12-06 19:26:47,exploit,28.9347,41.0551,28.9533,41.0145
2023-12-06 19:26:47,exploit,8.6843,50.1188,28.9533,41.0145
2023-12-06 19:26:47,exploit,8.6843,50.1188,28.9533,41.0145
2023-12-06 19:26:47,exploit,-77.4903,39.0469,28.9533,41.0145
2023-12-06 19:26:47,exploit,-77.4903,39.0469,28.9533,41.0145
2023-12-06 19:26:47,exploit,-6.2591,53.3379,28.9533,41.0145
2023-12-06 19:26:47,exploit,-97.822,37.751,28.9533,41.0145
2023-12-06 19:26:47,exploit,-97.822,37.751,28.9533,41.0145
2023-12-06 19:26:47,exploit,-122.0004,37.5625,-110.5343,41.7897
2023-12-06 19:26:47,exploit,-122.0004,37.5625,-110.5343,41.7897
2023-12-06 19:26:47,exploit,14.4124,50.0883,-110.5343,41.7897
2023-12-06 19:26:47,malware,-72.6226,42.6012,-76.7406,39.2812
2023-12-06 19:26:47,exploit,103.8503,1.2868,114.1759,22.2842
2023-12-06 19:26:47,exploit,103.8503,1.2868,114.1759,22.2842
2023-12-06 19:26:47,malware,-97.822,37.751,34.7705,32.0123
2023-12-06 19:26:47,exploit,-97.822,37.751,-99.1183,19.6909
2023-12-06 19:26:47,exploit,-77.4903,39.0469,-99.1183,19.6909
2023-12-06 19:26:47,exploit,-97.822,37.751,-96.6814,32.8236
2023-12-06 19:26:47,exploit,2.3057,48.7962,2.3057,48.7962
2023-12-06 19:26:47,exploit,2.3057,48.7962,2.3057,48.7962
2023-12-06 19:26:47,exploit,2.3057,48.7962,2.3057,48.7962
2023-12-06 19:26:47,exploit,2.3057,48.7962,2.3057,48.7962
2023-12-06 19:26:47,exploit,2.3057,48.7962,2.3057,48.7962
2023-12-06 19:26:47,exploit,2.3057,48.7962,2.3057,48.7962
2023-12-06 19:26:47,exploit,2.4075,48.8323,2.3057,48.7962
2023-12-06 19:26:47,exploit,2.4075,48.8323,2.3057,48.7962
2023-12-06 19:26:47,exploit,2.3057,48.7962,2.3057,48.7962
2023-12-06 19:26:47,exploit,2.4075,48.8323,2.3057,48.7962
2023-12-06 19:26:47,exploit,2.4075,48.8323,2.3057,48.7962
2023-12-06 19:26:47,exploit,2.4075,48.8323,2.3057,48.7962
2023-12-06 19:26:47,exploit,2.4075,48.8323,2.3057,48.7962
2023-12-06 19:26:47,exploit,2.4075,48.8323,2.3057,48.7962
2023-12-06 19:26:47,exploit,2.4075,48.8323,2.3057,48.7962
2023-12-06 19:26:47,exploit,2.3057,48.7962,2.3057,48.7962
2023-12-06 19:26:47,exploit,2.3057,48.7962,2.3057,48.7962
2023-12-06 19:26:47,exploit,2.3057,48.7962,2.3057,48.7962
2023-12-06 19:26:47,exploit,2.3057,48.7962,2.3057,48.7962
2023-12-06 19:26:47,exploit,2.3057,48.7962,2.3057,48.7962
2023-12-06 19:26:47,exploit,2.3057,48.7962,2.3057,48.7962
2023-12-06 19:26:47,exploit,2.4075,48.8323,2.3057,48.7962
2023-12-06 19:26:48,exploit,2.3057,48.7962,2.3057,48.7962
2023-12-06 19:26:48,exploit,2.3057,48.7962,2.3057,48.7962
2023-12-06 19:26:48,exploit,2.3057,48.7962,2.3057,48.7962
2023-12-06 19:26:48,exploit,2.3057,48.7962,2.3057,48.7962
2023-12-06 19:26:48,exploit,2.4075,48.8323,2.3057,48.7962
2023-12-06 19:26:48,exploit,2.3057,48.7962,2.3057,48.7962
2023-12-06 19:26:48,exploit,2.4075,48.8323,2.3057,48.7962
2023-12-06 19:26:48,exploit,2.4075,48.8323,2.3057,48.7962
2023-12-06 19:26:48,exploit,2.4075,48.8323,2.3057,48.7962
2023-12-06 19:26:48,exploit,2.4075,48.8323,2.3057,48.7962
2023-12-06 19:26:48,exploit,2.4075,48.8323,2.3057,48.7962
2023-12-06 19:26:48,exploit,2.4075,48.8323,2.3057,48.7962
2023-12-06 19:26:48,exploit,2.4075,48.8323,2.3057,48.7962
2023-12-06 19:26:48,exploit,2.4075,48.8323,2.3057,48.7962
2023-12-06 19:26:48,exploit,2.4075,48.8323,2.3057,48.7962
2023-12-06 19:26:48,exploit,2.4075,48.8323,2.3057,48.7962
2023-12-06 19:26:48,exploit,2.4075,48.8323,2.3057,48.7962
2023-12-06 19:26:48,exploit,2.4075,48.8323,2.3057,48.7962
2023-12-06 19:26:48,exploit,2.4075,48.8323,2.3057,48.7962
2023-12-06 19:26:48,exploit,2.4075,48.8323,2.3057,48.7962
2023-12-06 19:26:48,exploit,-96.8022,32.7797,-97.7467,30.2627
2023-12-06 19:26:48,exploit,-95.9354,41.2612,-97.7467,30.2627
2023-12-06 19:26:48,exploit,-95.9354,41.2612,-97.7467,30.2627
2023-12-06 19:26:48,exploit,-82.8172,35.1459,-97.7467,30.2627
2023-12-06 19:26:48,exploit,-82.8172,35.1459,-97.7467,30.2627
2023-12-06 19:26:48,exploit,-97.822,37.751,-97.7467,30.2627
2023-12-06 19:26:48,exploit,8.6843,50.1188,103.8503,1.2868
2023-12-06 19:26:48,exploit,-84.1525,9.9157,-84.1525,9.9157
2023-12-06 19:26:48,exploit,-97.822,37.751,121.0056,24.8351
2023-12-06 19:26:48,exploit,-97.822,37.751,121.0056,24.8351
2023-12-06 19:26:48,exploit,-97.822,37.751,121.0056,24.8351
2023-12-06 19:26:48,exploit,-97.822,37.751,121.0056,24.8351
2023-12-06 19:26:48,exploit,-97.822,37.751,121.0056,24.8351
2023-12-06 19:26:48,exploit,-97.822,37.751,121.0056,24.8351
2023-12-06 19:26:48,exploit,-94.5778,39.1027,121.0056,24.8351
2023-12-06 19:26:48,exploit,-97.822,37.751,121.0056,24.8351
2023-12-06 19:26:48,exploit,-97.822,37.751,121.0056,24.8351
2023-12-06 19:26:48,exploit,-97.822,37.751,121.0056,24.8351
2023-12-06 19:26:48,exploit,-94.5778,39.1027,121.0056,24.8351
2023-12-06 19:26:48,exploit,-94.5778,39.1027,121.0056,24.8351
2023-12-06 19:26:48,exploit,-94.5778,39.1027,121.0056,24.8351
2023-12-06 19:26:48,exploit,-97.822,37.751,121.0056,24.8351
2023-12-06 19:26:48,exploit,-94.5778,39.1027,121.0056,24.8351
2023-12-06 19:26:49,exploit,-94.5778,39.1027,121.0056,24.8351
2023-12-06 19:26:49,exploit,-97.822,37.751,121.0056,24.8351
2023-12-06 19:26:49,exploit,-94.5778,39.1027,121.0056,24.8351
2023-12-06 19:26:49,exploit,-97.822,37.751,121.0056,24.8351
2023-12-06 19:26:49,exploit,-97.822,37.751,121.0056,24.8351
2023-12-06 19:26:49,exploit,-97.822,37.751,121.0056,24.8351
2023-12-06 19:26:49,exploit,-94.5778,39.1027,121.0056,24.8351
2023-12-06 19:26:49,exploit,-94.5778,39.1027,121.0056,24.8351
2023-12-06 19:26:49,exploit,-97.822,37.751,121.0056,24.8351
2023-12-06 19:26:49,exploit,-97.822,37.751,121.0056,24.8351
2023-12-06 19:26:49,exploit,-94.5778,39.1027,121.0056,24.8351
2023-12-06 19:26:49,exploit,-97.822,37.751,121.0056,24.8351
2023-12-06 19:26:49,exploit,-97.822,37.751,121.0056,24.8351
2023-12-06 19:26:49,exploit,-97.822,37.751,121.0056,24.8351
2023-12-06 19:26:49,exploit,-97.822,37.751,121.0056,24.8351
2023-12-06 19:26:49,exploit,-97.822,37.751,121.0056,24.8351
2023-12-06 19:26:49,exploit,-97.822,37.751,121.0056,24.8351
2023-12-06 19:26:49,exploit,-97.822,37.751,121.0056,24.8351
2023-12-06 19:26:49,exploit,-97.822,37.751,121.0056,24.8351
2023-12-06 19:26:49,exploit,-97.822,37.751,121.0056,24.8351
2023-12-06 19:26:49,exploit,-94.5778,39.1027,121.0056,24.8351
2023-12-06 19:26:49,exploit,-97.822,37.751,121.0056,24.8351
2023-12-06 19:26:49,exploit,-97.822,37.751,121.0056,24.8351
2023-12-06 19:26:49,exploit,-97.822,37.751,121.0056,24.8351
2023-12-06 19:26:49,exploit,-97.822,37.751,121.0056,24.8351
2023-12-06 19:26:49,exploit,-97.822,37.751,121.0056,24.8351
2023-12-06 19:26:49,exploit,-94.5778,39.1027,121.0056,24.8351
2023-12-06 19:26:49,exploit,-97.822,37.751,121.0056,24.8351
2023-12-06 19:26:49,exploit,-97.822,37.751,121.0056,24.8351
2023-12-06 19:26:49,exploit,-97.822,37.751,121.0056,24.8351
2023-12-06 19:26:49,exploit,-97.822,37.751,121.0056,24.8351
2023-12-06 19:26:49,exploit,-97.822,37.751,121.0056,24.8351
2023-12-06 19:26:49,exploit,-97.822,37.751,121.0056,24.8351
2023-12-06 19:26:49,exploit,-97.822,37.751,121.0056,24.8351
2023-12-06 19:26:50,exploit,-97.822,37.751,121.0056,24.8351
2023-12-06 19:26:50,malware,-97.822,37.751,-56.0958,-15.597
2023-12-06 19:26:50,exploit,-94.5778,39.1027,121.0056,24.8351
2023-12-06 19:26:51,exploit,-97.822,37.751,121.0056,24.8351
2023-12-06 19:26:51,malware,-97.822,37.751,-56.0958,-15.597
2023-12-06 19:26:51,exploit,-94.5778,39.1027,121.0056,24.8351
2023-12-06 19:26:52,exploit,-94.5778,39.1027,121.0056,24.8351
2023-12-06 19:26:52,exploit,-97.822,37.751,121.0056,24.8351
2023-12-06 19:26:52,exploit,-94.5778,39.1027,121.0056,24.8351
2023-12-06 19:26:52,exploit,-97.822,37.751,121.0056,24.8351
2023-12-06 19:26:52,exploit,-94.5778,39.1027,121.0056,24.8351
2023-12-06 19:26:53,exploit,-97.822,37.751,121.0056,24.8351
2023-12-06 19:26:53,exploit,-94.5778,39.1027,121.0056,24.8351
2023-12-06 19:26:53,malware,-97.822,37.751,-2.9089,53.4346
2023-12-06 19:26:53,exploit,-97.822,37.751,-97.822,37.751
2023-12-06 19:26:54,exploit,-97.822,37.751,-97.822,37.751
2023-12-06 19:26:54,exploit,-97.822,37.751,-97.822,37.751
2023-12-06 19:26:54,exploit,-97.822,37.751,-97.822,37.751
2023-12-06 19:26:54,exploit,-97.822,37.751,-97.822,37.751
2023-12-06 19:26:55,exploit,-97.822,37.751,-97.822,37.751
2023-12-06 19:26:55,exploit,-97.822,37.751,-97.822,37.751
2023-12-06 19:26:55,exploit,-97.822,37.751,-97.822,37.751
2023-12-06 19:26:55,exploit,-97.822,37.751,-97.822,37.751
2023-12-06 19:26:56,exploit,-97.822,37.751,-97.822,37.751
2023-12-06 19:26:56,exploit,-97.822,37.751,-97.822,37.751
2023-12-06 19:26:56,exploit,-97.822,37.751,-97.822,37.751
2023-12-06 19:26:56,exploit,-97.822,37.751,-97.822,37.751
2023-12-06 19:26:56,exploit,-97.822,37.751,-97.822,37.751
2023-12-06 19:26:57,exploit,-97.822,37.751,-97.822,37.751
2023-12-06 19:26:57,exploit,-97.822,37.751,-97.822,37.751
2023-12-06 19:26:57,exploit,-97.822,37.751,-97.822,37.751
2023-12-06 19:26:58,exploit,-97.822,37.751,-97.822,37.751
2023-12-06 19:26:58,exploit,-97.822,37.751,-97.822,37.751
2023-12-06 19:26:58,exploit,-97.822,37.751,-97.822,37.751
2023-12-06 19:26:59,exploit,-97.822,37.751,-97.822,37.751
2023-12-06 19:26:59,exploit,-97.822,37.751,-97.822,37.751
2023-12-06 19:26:59,exploit,-97.822,37.751,-97.822,37.751
2023-12-06 19:26:59,exploit,-97.822,37.751,-97.822,37.751
2023-12-06 19:27:00,exploit,-97.822,37.751,-97.822,37.751
2023-12-06 19:27:00,exploit,-97.822,37.751,-97.822,37.751
2023-12-06 19:27:00,exploit,-97.822,37.751,-97.822,37.751
2023-12-06 19:27:01,exploit,-97.822,37.751,-97.822,37.751
2023-12-06 19:27:01,exploit,-97.822,37.751,-97.822,37.751
2023-12-06 19:27:01,exploit,-97.822,37.751,-97.822,37.751
2023-12-06 19:27:01,exploit,-97.822,37.751,-97.822,37.751
2023-12-06 19:27:02,exploit,-97.822,37.751,-97.822,37.751
2023-12-06 19:27:02,exploit,-97.822,37.751,-97.822,37.751
2023-12-06 19:27:02,exploit,-97.822,37.751,-97.822,37.751
2023-12-06 19:27:02,exploit,-97.822,37.751,-97.822,37.751
2023-12-06 19:27:03,exploit,-97.822,37.751,-97.822,37.751
2023-12-06 19:27:03,exploit,-97.822,37.751,-97.822,37.751
2023-12-06 19:27:03,exploit,-97.822,37.751,-97.822,37.751
2023-12-06 19:27:03,exploit,-97.822,37.751,-97.822,37.751
2023-12-06 19:27:04,exploit,-97.822,37.751,-97.822,37.751
2023-12-06 19:27:04,exploit,-97.822,37.751,-97.822,37.751
2023-12-06 19:27:04,exploit,-97.822,37.751,-97.822,37.751
2023-12-06 19:27:04,exploit,-97.822,37.751,-97.822,37.751
2023-12-06 19:27:05,exploit,-97.822,37.751,-97.822,37.751
2023-12-06 19:27:05,exploit,-97.822,37.751,-97.822,37.751
2023-12-06 19:27:05,exploit,-97.822,37.751,-97.822,37.751
2023-12-06 19:27:05,exploit,-97.822,37.751,-97.822,37.751
2023-12-06 19:27:06,exploit,-97.822,37.751,-97.822,37.751
2023-12-06 19:27:06,exploit,-97.822,37.751,-97.822,37.751
2023-12-06 19:27:06,exploit,-97.822,37.751,-97.822,37.751
2023-12-06 19:27:06,exploit,-97.822,37.751,-97.822,37.751
2023-12-06 19:27:07,exploit,-97.822,37.751,-97.822,37.751
2023-12-06 19:27:07,exploit,-74.0068,40.7123,-80.6865,35.1936
2023-12-06 19:27:07,exploit,-97.822,37.751,-80.6865,35.1936
2023-12-06 19:27:08,exploit,-87.6726,41.9025,-80.6865,35.1936
2023-12-06 19:27:08,exploit,-97.822,37.751,-80.6865,35.1936
2023-12-06 19:27:08,exploit,-97.822,37.751,-80.6865,35.1936
2023-12-06 19:27:09,exploit,-118.244,34.0544,-80.6865,35.1936
2023-12-06 19:27:09,exploit,-97.822,37.751,-80.6865,35.1936
2023-12-06 19:27:10,exploit,-76.7279,37.2731,-80.6865,35.1936
2023-12-06 19:27:10,exploit,-74.0068,40.7123,-80.6865,35.1936
2023-12-06 19:27:10,exploit,-77.4903,39.0469,-80.6865,35.1936
2023-12-06 19:27:10,exploit,-97.822,37.751,-80.6865,35.1936
2023-12-06 19:27:10,exploit,-76.8545,37.9273,-80.6865,35.1936
2023-12-06 19:27:11,exploit,-121.919,37.7201,-80.6865,35.1936
2023-12-06 19:27:11,exploit,-77.4903,39.0469,-80.6865,35.1936
2023-12-06 19:27:11,exploit,-77.4903,39.0469,-80.6865,35.1936
2023-12-06 19:27:11,exploit,-71.2782,42.5562,-80.6865,35.1936
2023-12-06 19:27:12,exploit,-97.822,37.751,-80.6865,35.1936
2023-12-06 19:27:12,exploit,-97.822,37.751,-80.6865,35.1936
2023-12-06 19:27:12,exploit,-93.6124,41.6021,-80.6865,35.1936
2023-12-06 19:27:13,exploit,-77.4903,39.0469,-80.6865,35.1936
2023-12-06 19:27:13,exploit,-121.7714,37.1835,-80.6865,35.1936
2023-12-06 19:27:13,exploit,-97.822,37.751,-75.2297,39.9635
2023-12-06 19:27:14,exploit,-97.822,37.751,-75.2297,39.9635
2023-12-06 19:27:14,exploit,-97.822,37.751,-75.2297,39.9635
2023-12-06 19:27:14,exploit,-97.822,37.751,-75.2297,39.9635
2023-12-06 19:27:14,exploit,-97.822,37.751,-75.2297,39.9635
2023-12-06 19:27:14,exploit,-97.822,37.751,-75.2297,39.9635
2023-12-06 19:27:14,exploit,18.0717,59.3287,-0.1409,51.4615
2023-12-06 19:27:15,exploit,2.4075,48.8323,-0.1409,51.4615
2023-12-06 19:27:15,exploit,-77.1195,39.0462,-77.4603,37.5538
2023-12-06 19:27:15,exploit,-97.822,37.751,-77.4603,37.5538
2023-12-06 19:27:15,exploit,-8.8391,41.6929,-8.8391,41.6929
2023-12-06 19:27:16,exploit,-9.1359,38.7057,-8.8391,41.6929
2023-12-06 19:27:16,exploit,-97.822,37.751,-8.8391,41.6929
2023-12-06 19:27:16,exploit,-9.1373,38.731,-8.8391,41.6929
2023-12-06 19:27:16,malware,-122.2676,37.8767,-72.8967,41.4963
2023-12-06 19:27:17,malware,8.1551,47.1449,-72.8967,41.4963
2023-12-06 19:27:17,malware,-97.822,37.751,-72.8967,41.4963
2023-12-06 19:27:17,exploit,12.3422,55.8719,12.3422,55.8719
2023-12-06 19:27:17,exploit,12.3422,55.8719,12.3422,55.8719
2023-12-06 19:27:17,exploit,12.3422,55.8719,12.3422,55.8719
2023-12-06 19:27:18,exploit,12.3422,55.8719,12.3422,55.8719
2023-12-06 19:27:18,exploit,12.3422,55.8719,12.3422,55.8719
2023-12-06 19:27:18,exploit,12.3422,55.8719,12.3422,55.8719
2023-12-06 19:27:18,exploit,12.3422,55.8719,12.3422,55.8719
2023-12-06 19:27:19,exploit,12.3422,55.8719,12.3422,55.8719
2023-12-06 19:27:19,exploit,-97.822,37.751,-43.2192,-22.8305
2023-12-06 19:27:19,exploit,-97.822,37.751,-43.2192,-22.8305
2023-12-06 19:27:19,exploit,-119.7257,45.8234,-43.2192,-22.8305
2023-12-06 19:27:19,exploit,107.316,-6.3088,107.316,-6.3088
2023-12-06 19:27:20,exploit,-119.7257,45.8234,-43.2192,-22.8305
2023-12-06 19:27:20,exploit,-81.0423,34.0021,-82.8025,27.8843
2023-12-06 19:27:20,phishing,135.5021,34.6946,127.0013,37.5015
2023-12-06 19:27:20,phishing,139.6805,35.6837,127.0013,37.5015
2023-12-06 19:27:21,phishing,135.5021,34.6946,127.0013,37.5015
2023-12-06 19:27:21,exploit,-97.822,37.751,-72.5728,41.66
2023-12-06 19:27:21,exploit,-97.822,37.751,-72.5728,41.66
2023-12-06 19:27:21,exploit,-97.822,37.751,-72.5728,41.66
2023-12-06 19:27:22,exploit,-97.822,37.751,-72.5728,41.66
2023-12-06 19:27:22,malware,-91.0332,38.811,57.2379,50.2957
2023-12-06 19:27:23,malware,4.8995,52.3824,57.2379,50.2957
2023-12-06 19:27:23,exploit,-97.822,37.751,-72.5728,41.66
2023-12-06 19:27:23,,,,,